diseaseNID,diseaseClassNID
38,20
61,20
120,20
32,20
91,20
139,20
251,20
261,20
248,20
92,20
185,20
43,20
262,20
298,20
198,20
300,20
299,20
297,20
225,20
231,20
1172,20
289,20
18,20
16,20
18229,20
80,20
233,20
1612,20
11067,7
3216,7
289,7
19219,7
1741,7
5320,7
1025,7
15404,7
75,7
17197,7
37,7
397,7
27008,7
11845,7
19389,7
15406,7
2418,7
174,7
122,7
18651,7
16317,7
1938,7
6368,7
1915,7
13056,7
638,7
5913,7
17820,7
292,7
16351,7
2147,7
16364,7
465,7
177,7
305,7
138,7
17117,7
8805,7
2326,7
14884,7
14324,7
1922,7
9051,7
337,7
20321,7
14943,7
21548,7
2480,7
308,7
1937,7
10033,7
332,7
3340,7
69,7
15837,7
8578,7
17838,7
2669,7
637,7
14325,7
20175,7
1936,7
56,7
341,7
73,7
343,7
15683,7
19519,7
2148,7
17559,7
2410,7
5272,7
395,7
15948,7
448,7
19970,7
21226,7
639,7
6371,7
2124,7
19218,7
16070,7
9322,7
4543,7
54,7
2119,7
57,7
8887,7
4436,7
1267,7
18427,7
20702,7
3082,7
235,7
53,7
2107,7
6372,7
21091,7
15806,7
6370,7
15899,7
14564,7
203,7
10911,7
19813,7
327,7
271,7
15898,7
33,25
4608,25
36,25
15893,25
17825,25
18662,25
11566,25
9742,25
82,25
11181,25
19671,25
17343,25
28752,25
27789,25
16344,25
16587,25
7466,25
10792,25
696,25
4605,25
17834,25
6396,25
21569,25
9395,25
12988,25
18461,25
19656,25
9308,25
19428,25
4274,25
19702,25
11691,25
23453,25
186,25
17482,25
185,25
15707,25
9377,25
17977,25
21440,25
308,25
4276,25
23400,25
21087,25
19863,25
1140,25
5567,25
253,25
229,25
19219,25
6068,25
16620,25
27790,25
21469,25
15950,25
17830,25
29141,25
4132,25
248,25
251,25
29297,25
9969,25
19430,25
20784,25
5964,25
6456,25
16086,25
8228,25
17262,25
1805,25
2175,25
6375,25
9924,25
15809,25
5941,25
5552,25
2080,25
14918,25
250,25
17878,25
17986,25
5939,25
20887,25
11674,25
21292,25
18214,25
6454,25
4629,25
249,25
23457,25
19027,25
4676,25
22703,25
9743,25
14919,25
18403,25
1891,25
11959,25
17559,25
2246,25
4599,25
21517,25
21264,25
18395,25
29353,25
4237,25
17525,25
9753,25
2014,25
9374,25
1668,25
2075,25
15760,25
21550,25
4625,25
4677,25
19362,25
849,25
252,25
5284,25
24,25
247,25
1025,25
17435,25
12824,25
18375,25
6846,25
16576,25
17367,25
21518,25
17798,25
18783,25
5962,25
608,25
18229,25
12148,25
16575,25
22729,25
811,25
17090,25
29326,25
2554,25
10343,25
19395,25
6581,25
5296,25
16083,25
912,25
15702,25
6815,25
245,25
246,25
5963,25
6356,25
5913,25
6865,25
22712,25
17305,25
19197,25
13773,25
244,25
5960,25
9725,25
5945,25
24136,25
20296,25
23407,25
9369,25
17139,25
29309,25
16378,25
15679,25
8343,25
116,25
8303,25
17506,25
13410,25
15910,25
21547,25
15747,25
21315,25
12106,25
5305,25
22903,25
21346,25
40,6
11067,6
21473,6
20931,6
15404,6
16317,6
3,6
721,6
17117,6
2410,6
4224,6
29781,6
332,6
44,6
638,6
15069,6
305,6
5272,6
5294,6
14324,6
326,6
327,6
4217,6
16129,6
4,6
4772,6
21472,6
18365,6
19501,6
225,6
16711,6
22,6
21548,6
16351,6
4629,6
19970,6
16364,6
329,6
22704,6
204,6
2480,6
8578,6
637,6
639,6
15810,6
15806,6
4223,6
3330,6
29294,6
50,6
203,6
6437,6
8376,6
6860,6
20702,6
330,6
41,6
1403,6
29271,6
328,6
6386,6
1368,6
17804,39
21569,39
123,39
17343,39
21635,39
9924,39
18395,39
29333,39
16602,39
16901,39
9308,39
314,39
308,39
116,39
29238,39
29362,28
721,28
93,28
275,28
9369,28
109,28
262,28
117,28
268,28
8040,28
107,28
603,28
302,28
223,28
18403,28
16268,28
15702,28
222,28
13720,28
299,28
197,28
323,28
465,28
28,28
21518,28
9051,28
21517,28
4772,28
257,28
269,28
115,28
29301,28
17232,40
109,40
29245,40
22869,40
22035,40
16542,40
15973,40
20273,40
17804,40
22767,40
15737,40
18929,40
603,40
283,40
15690,40
29333,40
6068,40
16268,40
19863,40
8231,40
20414,40
22703,40
19188,40
29301,40
5976,40
15202,40
6081,40
2148,40
16392,40
222,40
17234,40
8362,40
15741,40
20363,40
29252,40
8884,40
6753,40
12109,40
19154,40
19389,40
6874,40
25311,40
19088,40
20545,40
16715,40
15686,40
15701,40
12129,40
11566,33
304,33
36,33
11721,33
6396,33
283,33
1984,33
17825,33
22767,33
100,33
15893,33
6528,33
1214,33
104,33
17690,33
11722,33
15973,33
17232,33
6402,33
515,33
16189,33
9667,33
8231,33
13123,33
16620,33
18872,33
309,33
6068,33
16651,33
22035,33
7916,33
29353,33
17074,33
11874,33
29781,33
4677,33
27789,33
11623,33
15867,33
5184,33
16094,33
29795,33
15899,33
1612,33
11893,33
22148,33
21087,33
1164,33
17804,33
23443,33
21547,33
29363,33
9369,33
20414,33
19389,33
21023,33
29321,33
29333,33
22531,33
352,33
91,33
6410,33
9040,33
1402,33
16740,33
20363,33
1423,33
16699,33
6716,33
17116,33
16542,33
22869,33
15737,33
17752,33
18229,33
17359,33
16576,33
16897,33
18547,33
21226,33
118,33
15898,33
4436,33
191,33
16715,33
21517,33
11959,33
13124,33
6672,33
25311,33
27724,33
18413,33
11501,33
17476,33
15886,33
7997,33
94,33
861,33
15069,33
16070,33
187,33
19656,33
19154,33
6714,33
6719,33
6412,33
6414,33
6551,33
29245,33
12820,33
29252,33
19088,33
2016,33
11836,33
19602,33
12129,33
6753,33
9370,33
2036,33
18409,33
23400,33
1138,33
9969,33
6531,33
1657,33
19842,33
19362,33
19430,33
6406,33
16086,33
16902,33
9140,33
1172,33
17977,33
221,33
18375,33
17610,33
24136,33
16726,33
6509,33
4631,33
9051,33
16430,33
19188,33
9377,33
11674,33
4392,33
1887,33
18337,33
18929,33
277,33
2147,33
2148,33
15690,33
17467,33
11703,33
18651,33
20887,33
17474,33
880,33
1418,33
15702,33
5284,33
6553,33
219,33
5296,33
129,33
322,33
2194,33
4454,33
21264,33
15741,33
2032,33
17214,33
11564,33
175,33
17836,33
6532,33
19432,33
22703,33
3306,33
20273,33
220,33
222,33
1763,33
19055,33
8362,33
3082,33
16723,33
18010,33
16129,33
19385,33
5913,33
6378,33
4237,33
16429,33
6450,33
7897,33
3201,33
274,33
18527,33
18427,33
15202,33
2075,33
19863,33
1425,33
976,33
395,33
23457,33
16705,33
134,33
17607,33
2625,33
19264,33
19790,33
1368,33
95,33
5910,33
17525,33
849,33
9374,33
7919,33
86,33
17830,33
11888,33
21469,33
19527,33
20545,33
9121,33
19393,33
135,33
136,33
119,33
16392,33
18372,33
227,33
16320,33
19604,33
8884,33
17222,33
19197,33
6413,33
3762,33
6403,33
21565,33
195,33
2155,33
16575,33
16083,33
2841,33
15480,33
17234,33
7482,33
17018,33
2008,33
1762,33
19027,33
12168,33
17404,33
6376,33
15743,33
21282,33
18970,33
15650,33
15707,33
8964,33
183,33
12845,33
2958,33
19702,33
29309,33
15701,33
19075,33
15686,33
17305,33
6529,33
21440,33
24436,33
11691,33
2014,33
2960,33
8343,33
17798,33
6502,33
1706,33
6375,33
6874,33
5976,33
5914,33
342,33
1722,33
18945,33
20855,33
21518,33
6503,33
273,33
5931,33
17838,33
21315,33
6409,33
2153,33
23407,33
6188,33
11607,33
4200,33
6565,33
19561,33
16100,33
234,33
17819,33
18962,33
3744,33
15809,33
11932,33
740,33
13410,33
12148,33
18132,33
4676,33
15492,33
18403,33
272,33
127,33
2759,33
8335,33
4391,33
17001,33
18058,33
164,33
8355,33
20252,33
12102,33
12109,33
15679,33
43,33
10658,33
15910,33
9699,33
6713,33
11997,33
27243,33
18347,33
16368,33
12824,33
29326,33
16669,33
15747,33
6081,33
17506,33
2674,33
23347,33
15093,33
17878,33
29165,21
15863,21
17232,21
96,21
9140,21
181,21
18768,21
18426,21
6450,21
18770,21
8002,21
7997,21
16780,21
18337,21
678,21
119,21
173,21
7990,21
18340,21
19632,21
352,21
3229,21
5914,21
184,21
8510,21
347,21
584,21
2668,21
15287,21
15741,21
16381,21
16086,21
19863,21
19012,21
19790,21
18106,21
9308,21
16601,21
5976,21
18,21
17107,21
17234,21
3762,21
19213,21
16632,21
348,21
17359,21
18260,21
7958,21
4436,21
183,21
5567,21
188,21
16971,21
7554,21
270,21
20611,21
6753,21
17703,21
9370,21
17690,21
15650,21
346,21
6188,21
8310,21
21565,21
12129,21
4602,21
11156,21
4615,21
17669,21
16030,21
20355,21
19757,21
22764,21
2669,21
15492,21
16602,21
18412,21
16647,21
8884,21
11997,21
20607,21
7919,21
29245,21
536,21
24221,21
15202,21
18010,21
18371,21
17798,21
7994,21
21641,21
350,21
7985,21
11158,21
12406,21
23450,21
7959,21
17404,21
314,21
19153,21
349,21
15276,21
22687,21
12845,21
15775,21
21366,21
21925,21
17182,21
6512,21
296,21
18578,21
19183,21
232,21
22706,27
11181,27
307,27
17193,27
15176,27
339,27
2972,27
29245,27
29781,27
13057,27
338,27
707,27
6497,27
9136,27
13056,27
16070,27
303,27
6427,27
14838,27
15175,27
16542,27
14839,27
15169,27
291,27
2124,27
20221,27
21569,27
21562,27
6496,27
723,27
9197,27
17669,27
19654,27
337,27
6421,27
8303,27
126,27
300,27
6567,27
11041,27
4436,27
8268,27
16587,27
22789,27
6375,27
319,27
21000,27
29271,27
8362,27
16502,27
4602,27
14564,27
19790,27
342,27
9237,27
235,27
20836,27
6425,27
19392,27
74,27
6581,27
2194,27
97,27
1477,27
27,27
12822,27
336,27
8269,27
22747,27
21741,27
3363,27
202,27
3351,27
6428,27
29252,27
340,27
18988,27
6359,27
29181,27
6383,27
6382,27
341,27
9699,27
6429,27
17690,27
11181,17
13056,17
13057,17
19654,17
18988,17
338,17
21562,17
8268,17
6581,17
307,17
12,17
29271,17
6375,17
16587,17
126,17
9136,17
22706,17
16542,17
15169,17
97,17
20221,17
2972,17
29781,17
14839,17
723,17
21569,17
16070,17
22789,17
15,17
300,17
29245,17
67,17
337,17
15176,17
14,17
21060,17
4602,17
16502,17
2194,17
303,17
10033,17
1477,17
2124,17
74,17
13,17
192,17
235,17
8269,17
12822,17
22747,17
336,17
19392,17
8362,17
9197,17
17690,17
11,17
15175,17
341,17
20836,17
6496,17
14838,17
340,17
339,17
3363,17
6359,17
17669,17
17193,17
21741,17
3351,17
6567,17
6421,17
6497,17
6427,17
6382,17
19790,17
14564,17
131,17
9699,17
6425,17
4436,17
10911,17
202,17
12988,17
6383,17
352,17
27,17
29252,17
29181,17
342,17
6428,17
8303,17
11041,17
21000,17
6429,17
29170,64
18372,64
1287,64
20666,64
19327,64
171,64
13223,64
8343,64
13207,64
280,64
1620,64
15879,64
278,64
167,64
2961,64
284,64
10659,64
29352,64
19501,64
4237,64
6441,64
29269,64
18375,64
20469,64
17796,64
9108,64
21226,64
2559,64
6443,64
23310,64
5939,64
211,64
8822,64
21068,64
9322,64
15749,64
19702,64
18448,64
16357,64
18403,64
15659,64
9369,64
20821,64
22754,64
3330,64
29229,64
21518,64
242,64
16793,64
2175,64
216,64
476,64
21877,64
18351,64
239,64
238,64
240,64
241,64
243,64
170,64
172,64
14830,64
23407,64
175,64
19069,64
17147,64
279,64
21876,64
15877,64
20451,64
17367,64
20529,64
208,64
210,64
213,64
19447,64
18773,64
15274,64
24436,64
179,64
29286,64
16329,64
1402,64
16268,64
18676,64
20175,64
209,64
4276,64
17854,64
15702,64
21517,64
18419,64
276,64
2698,64
20594,64
811,64
166,64
29301,64
314,64
15679,64
12148,64
477,64
1891,64
273,64
2976,64
18775,64
12988,64
214,64
322,64
13048,64
236,64
1807,64
475,64
19374,64
212,64
29286,41
10522,41
14093,41
16989,41
20441,41
81,41
8231,41
18587,41
1342,41
354,41
17215,41
19527,41
18433,41
16610,41
6388,41
18122,41
18934,41
150,41
16329,41
22661,41
17720,41
4664,41
22057,41
1049,41
1050,41
18659,41
13256,41
22662,41
1051,41
20942,41
21226,41
4662,41
1052,41
19396,41
13423,41
163,41
4631,41
149,41
19654,41
20736,41
586,41
29352,41
160,41
16423,41
3209,41
16740,41
2961,41
356,41
154,41
155,41
20350,41
22148,41
18086,41
1058,41
18929,41
2985,41
16422,41
29271,41
161,41
6441,41
6402,41
536,41
2987,41
16315,41
148,41
147,41
11845,41
6069,41
9969,41
8805,41
5983,41
79,41
20666,41
15361,41
321,41
88,41
20302,41
15683,41
20985,41
9120,41
143,41
20357,41
325,41
157,41
159,41
151,41
20298,41
153,41
13421,41
14067,41
6403,41
162,41
146,41
1334,41
85,41
145,41
22657,41
158,41
21089,41
20154,41
20321,41
15523,41
29172,41
8136,41
6443,41
8132,41
144,41
16902,41
13345,41
114,41
16991,41
24136,41
22652,41
811,41
152,41
16632,41
6916,41
18547,41
17357,41
9121,41
141,41
18084,41
20253,41
16807,41
2559,41
16897,41
13418,41
343,41
18058,41
17659,3
126,3
12820,3
4615,3
21224,3
14093,3
2148,3
310,3
17155,3
9924,3
10,3
19218,3
4392,3
9788,3
188,3
4608,3
3229,3
21877,3
7,3
29319,3
125,3
6428,3
352,3
8345,3
22661,3
252,3
28752,3
4630,3
29166,3
13423,3
603,3
15760,3
4664,3
29148,3
5963,3
1762,3
21562,3
18651,3
16229,3
12129,3
8317,3
17182,3
2960,3
21264,3
9743,3
1936,3
1140,3
6403,3
2014,3
8355,3
17720,3
33,3
3249,3
2390,3
21925,3
4772,3
6551,3
8341,3
3259,3
17197,3
11836,3
22531,3
15378,3
247,3
1891,3
21469,3
7997,3
8,3
361,3
29301,3
536,3
18229,3
21397,3
9120,3
2020,3
4676,3
1164,3
20855,3
6069,3
16448,3
4605,3
11181,3
13056,3
13722,3
5910,3
11623,3
22148,3
15898,3
18775,3
17090,3
19501,3
11932,3
21741,3
18970,3
15948,3
23100,3
1937,3
2811,3
1138,3
27790,3
19069,3
16902,3
17018,3
3340,3
6378,3
586,3
17215,3
12845,3
6443,3
15276,3
3212,3
15406,3
21547,3
4224,3
175,3
6068,3
15681,3
15683,3
1807,3
8578,3
1403,3
19527,3
1051,3
3209,3
16368,3
2674,3
19217,3
27008,3
8310,3
19223,3
348,3
12109,3
5284,3
17262,3
4391,3
21226,3
20154,3
4206,3
16587,3
639,3
1172,3
3488,3
2976,3
19561,3
23450,3
811,3
19088,3
6406,3
15359,3
23098,3
23101,3
1418,3
23105,3
21517,3
20302,3
18988,3
15741,3
5914,3
20321,3
8884,3
3744,3
3351,3
16344,3
12822,3
11564,3
19395,3
15287,3
1214,3
16351,3
22764,3
20611,3
27243,3
13418,3
19519,3
608,3
15069,3
17559,3
16364,3
21472,3
17467,3
22554,3
16669,3
20355,3
18676,3
20357,3
29229,3
2958,3
1058,3
20664,3
8132,3
16378,3
18174,3
29141,3
1423,3
2175,3
13057,3
29245,3
1177,3
29172,3
21000,3
4217,3
1524,3
16317,3
16575,3
1267,3
19055,3
16610,3
19264,3
3082,3
23106,3
3330,3
19075,3
16422,3
16423,3
6672,3
22057,3
16430,3
15175,3
11566,3
13410,3
1217,3
8376,3
14839,3
273,3
21377,3
17834,3
181,3
17838,3
16268,3
6531,3
1049,3
1050,3
9,3
699,3
19428,3
8808,3
3290,3
12168,3
20784,3
11703,3
8510,3
16991,3
16793,3
29165,3
308,3
29170,3
29326,3
13207,3
21091,3
16807,3
19054,3
6497,3
19790,3
1368,3
18010,3
4631,3
8268,3
9369,3
29352,3
22652,3
21449,3
7985,3
849,3
79,3
7994,3
20607,3
17139,3
15679,3
23407,3
20529,3
17830,3
1887,3
28284,3
6528,3
3201,3
17234,3
96,3
1657,3
1402,3
9395,3
5567,3
19213,3
15973,3
19842,3
22687,3
19216,3
20253,3
19219,3
6716,3
18945,3
3216,3
20887,3
12106,3
2075,3
9322,3
114,3
16897,3
209,3
16901,3
13676,3
123,3
17775,3
22712,3
9782,3
18962,3
18372,3
4436,3
24221,3
131,3
3239,3
23102,3
17796,3
8344,3
144,3
21518,3
18395,3
150,3
6376,3
21440,3
157,3
16030,3
6512,3
6382,3
164,3
6383,3
12988,3
1722,3
14067,3
16637,3
15671,3
17222,3
18413,3
19632,3
264,3
11874,3
18132,3
1216,3
12148,3
21550,3
6395,3
3202,3
18337,3
19654,3
696,3
20350,3
21473,3
19327,3
10659,3
17476,3
6409,3
20671,3
6410,3
13048,3
3483,3
16989,3
22706,3
3306,3
18461,3
723,3
16094,3
18773,3
9785,3
314,3
22457,3
5960,3
6188,3
18783,3
4223,3
19374,3
740,3
17610,3
16715,3
6371,3
8964,3
16129,3
24436,3
19081,3
13123,3
6441,3
2554,3
15837,3
21027,3
2469,3
1213,3
3363,3
1477,3
1805,3
16357,3
17836,3
17343,3
15863,3
29297,3
6461,3
1052,3
6713,3
7916,3
4271,3
19432,3
7919,3
4274,3
4599,3
16180,3
1334,3
2080,3
16381,3
16189,3
6482,3
15893,3
1342,3
14324,3
6483,3
8232,3
8326,3
16100,3
17878,3
17986,3
6359,3
6820,3
1615,3
13223,3
15910,3
7959,3
325,3
22963,3
2625,3
6502,3
14918,3
13604,3
4629,3
13720,3
2119,3
6509,3
22747,3
20931,3
18403,3
2124,3
339,3
8269,3
29353,3
1640,3
17820,3
27062,3
9374,3
22657,3
16749,3
18931,3
6529,3
2668,3
6532,3
8303,3
24186,3
2410,3
9121,3
12102,3
108,3
5939,3
2246,3
17474,3
13786,3
17762,3
15702,3
6547,3
8822,3
9138,3
18365,3
1425,3
9140,3
6553,3
2698,3
13345,3
5296,3
15899,3
1928,3
18084,3
15809,3
6564,3
15810,3
136,3
17193,3
1938,3
15363,3
5305,3
1706,3
16329,3
6577,3
29192,3
17525,3
5913,3
161,3
8887,3
21285,3
8366,3
20521,3
678,3
15950,3
1134,3
6865,3
21292,3
274,3
2480,3
6398,3
9969,3
29222,3
3280,3
9308,3
21565,3
15784,3
10343,3
6412,3
27789,3
3302,3
11721,3
21331,3
1763,3
10911,3
21343,3
17891,3
16711,3
3246,3
18214,3
241,3
1453,3
15523,3
19385,3
29269,3
17909,3
21635,3
13124,3
15531,3
1789,3
16429,3
2559,3
19396,3
18527,3
11691,3
3464,3
18260,3
19027,3
5941,3
6540,3
15600,3
22903,3
27,3
17367,3
29781,3
20469,3
6413,3
10792,3
34,3
11345,3
9040,3
29321,3
6356,3
16602,3
19153,3
3497,3
29252,3
20175,3
1620,3
3245,3
19602,3
3252,3
584,3
6581,3
9370,3
9725,3
3262,3
19813,3
6386,3
19197,3
18419,3
861,3
19012,3
16723,3
20441,3
2147,3
6815,3
13773,3
19362,3
6081,3
2155,3
2961,3
11607,3
17763,3
9136,3
18662,3
721,3
21876,3
29795,3
18375,3
5962,3
2985,3
6565,3
22729,3
2018,3
234,3
20298,3
24136,3
15731,3
6545,3
6373,3
18426,3
18427,3
16726,3
15747,3
21282,3
1212,3
24,3
22662,3
21548,3
16647,3
2194,3
3300,3
22767,3
20836,3
6437,3
20666,3
16780,3
4276,3
5945,3
6414,3
14325,3
3487,3
6554,3
9786,3
74,3
17001,3
15877,3
24124,3
15811,3
10482,3
14943,3
229,3
19702,3
6427,3
6567,3
7958,3
4619,3
6429,3
21346,3
6569,3
17895,3
912,3
6753,3
242,3
15653,3
6372,3
5976,3
6846,3
5242,3
11893,3
16632,3
11997,3
6425,3
16740,3
17074,3
6450,3
29286,3
14838,3
11722,3
5931,3
22449,3
2323,3
9667,3
6402,3
5981,3
5964,3
17669,3
19332,3
21569,3
18058,3
21315,3
204,3
6368,3
6399,3
17107,3
4625,3
13601,3
4205,3
13421,3
16502,3
15530,3
1215,3
15202,3
6496,3
321,3
18092,3
11674,3
22656,3
13256,3
4454,3
149,3
2972,3
22917,3
7482,3
17305,3
4215,3
15806,3
18448,3
10279,3
22754,3
8362,3
19231,3
20942,3
18433,3
4200,3
6714,3
19604,3
18659,3
6396,3
6454,3
19082,3
20296,3
19757,3
19430,3
6421,3
19656,3
6456,3
20702,3
20736,3
16576,3
17232,3
17892,3
1562,3
1780,3
3484,3
16971,3
6357,3
2016,3
21023,3
21035,3
6638,3
16705,3
6364,3
6503,3
18086,3
29333,3
17359,3
21296,3
145,3
15176,3
6549,3
707,3
15749,3
1025,3
4237,3
29247,3
8335,3
17804,3
8228,3
330,3
17482,3
20821,3
6370,3
2017,3
22969,3
18982,3
6548,3
14919,3
4602,3
1287,3
2175,22
9140,22
35,22
6454,22
34,22
4206,22
3487,22
2469,22
16991,22
3239,22
3229,22
6461,22
29165,22
18662,22
18174,22
13786,22
216,22
6069,22
180,22
3483,22
19632,22
2080,22
1891,22
14884,22
8227,22
250,22
19231,22
397,22
3484,22
9308,22
179,22
2016,22
1805,22
6372,22
11623,22
19,22
4205,22
20521,22
6456,22
249,22
29222,22
3280,22
6441,22
18340,22
8310,22
6437,22
3488,22
1657,22
17222,22
20,22
19223,22
6427,22
18058,22
17197,22
3245,22
6371,22
96,22
13256,22
2323,22
1928,22
18395,22
3290,22
14943,22
10911,22
20666,22
3246,22
3300,22
30,22
3249,22
353,22
17367,22
29148,22
2017,22
112,22
3252,22
17107,22
10482,22
15531,22
3216,22
1780,22
9786,22
13604,22
17986,22
18229,22
19863,22
6450,22
19332,22
1562,22
15378,22
4217,22
24124,22
314,22
1418,22
13601,22
15517,22
2020,22
6081,22
19396,22
15518,22
6068,22
2559,22
9753,22
15530,22
19088,22
8884,22
9782,22
6370,22
6443,22
5976,22
5941,22
15973,22
4215,22
9785,22
4223,22
29352,22
3497,22
6512,22
4224,22
16749,22
21091,22
4602,22
1640,22
9788,22
912,22
2811,22
16632,22
6368,22
3464,22
113,22
3262,22
2410,22
2018,22
17796,22
3259,22
21315,22
1657,10
29271,10
6406,10
13786,10
7,10
22,10
21550,10
260,10
8355,10
24436,10
15948,10
7919,10
3280,10
16094,10
18872,10
158,10
1459,10
17727,10
21472,10
17222,10
16445,10
96,10
19432,10
247,10
23098,10
13123,10
2155,10
15671,10
6386,10
8808,10
22656,10
22148,10
13124,10
11836,10
18427,10
29781,10
108,10
6846,10
1722,10
19654,10
1789,10
135,10
8268,10
21027,10
6509,10
3306,10
23407,10
18365,10
125,10
11722,10
2014,10
11623,10
6399,10
16740,10
6672,10
82,10
6378,10
27062,10
6581,10
25,10
17775,10
4271,10
8225,10
27789,10
18461,10
3229,10
21282,10
6376,10
29166,10
6531,10
3340,10
2016,10
21023,10
8232,10
6551,10
3212,10
22657,10
8335,10
11703,10
17909,10
1212,10
9140,10
14324,10
10279,10
18132,10
8317,10
6548,10
1214,10
21292,10
6549,10
8310,10
6483,10
6398,10
4237,10
6554,10
21449,10
6820,10
3497,10
15359,10
6564,10
19396,10
27,10
1217,10
19790,10
6553,10
639,10
18659,10
4223,10
6567,10
2018,10
9139,10
21296,10
13722,10
361,10
11833,10
21562,10
6482,10
16406,10
11345,10
11721,10
6529,10
10659,10
133,10
1615,10
16086,10
6414,10
3302,10
6409,10
22729,10
21397,10
18058,10
29319,10
20855,10
3488,10
9743,10
17136,10
28284,10
6425,10
6532,10
2554,10
16632,10
19082,10
6382,10
18229,10
74,10
20253,10
6565,10
2958,10
8366,10
15363,10
4224,10
19054,10
6547,10
6396,10
1887,10
18527,10
8231,10
29165,10
4631,10
24260,10
18931,10
3487,10
6413,10
8269,10
22057,10
6383,10
16669,10
1524,10
6502,10
8376,10
1213,10
20736,10
1134,10
15600,10
8326,10
107,10
15809,10
6368,10
8226,10
6370,10
6371,10
1477,10
3484,10
22917,10
3202,10
17197,10
8346,10
8344,10
15810,10
17624,10
5242,10
16325,10
2960,10
4619,10
16351,10
1216,10
175,10
8345,10
5284,10
1138,10
29342,10
6395,10
273,10
13720,10
4630,10
17895,10
15731,10
8227,10
29245,10
22449,10
17878,10
17214,10
3259,10
22652,10
22554,10
12820,10
106,10
19217,10
6577,10
3483,10
1058,10
17891,10
21343,10
6412,10
19216,10
1368,10
7482,10
1453,10
2194,10
2811,10
28,10
23106,10
18214,10
18945,10
1762,10
1763,10
12845,10
6512,10
699,10
24186,10
4217,10
6359,10
8245,10
21548,10
19842,10
4200,10
111,10
16229,10
17763,10
7897,10
21377,10
8884,10
15653,10
18988,10
11566,10
5305,10
15784,10
22662,10
23101,10
20887,10
3216,10
6437,10
17367,10
17474,10
1164,10
1706,10
6528,10
18092,10
15806,10
1418,10
6569,10
16100,10
23105,10
6545,10
15811,10
19223,10
19362,10
22457,10
22969,10
6410,10
4454,10
3464,10
794,10
15681,10
1177,10
19197,10
4391,10
4215,10
2020,10
22963,10
11181,10
6402,10
11607,10
15775,10
19702,10
6357,10
9699,10
16180,10
8341,10
16378,10
8303,10
11874,10
6428,10
6403,10
17892,10
2017,10
6373,10
21224,10
22661,10
20671,10
9121,10
18372,10
16711,10
21473,10
26,10
2625,10
22008,10
19527,10
15517,10
2469,10
16368,10
23100,10
18375,10
23102,10
6427,10
24136,10
29795,10
1780,10
21091,10
6356,10
19561,10
1215,10
6364,10
6372,10
22531,10
17752,10
17762,10
21331,10
8132,10
6421,10
19055,10
15518,10
17476,10
2182,10
6496,10
6540,10
21285,10
6503,10
17107,10
6638,10
18982,10
5296,10
8288,35
21035,35
6860,35
28752,35
21578,35
8231,35
1937,35
16542,35
2972,35
36,35
8269,35
13057,35
70,35
1938,35
794,35
8227,35
17624,35
1936,35
19428,35
22712,35
72,35
8226,35
307,35
707,35
5320,35
69,35
13056,35
6427,35
6815,35
21562,35
6846,35
15176,35
8268,35
8232,35
6425,35
10911,35
16364,35
19813,35
4276,35
22703,35
3437,35
27008,35
29245,35
8245,35
8214,35
6426,35
8252,35
4625,35
24260,35
68,35
111,35
15837,35
29252,35
22706,35
811,35
17262,35
15681,35
8362,35
6421,35
73,35
17727,35
15175,35
9743,35
12109,35
12824,35
17367,35
15722,35
8270,35
6865,35
6820,35
12148,35
4200,35
11041,35
27062,35
21060,35
192,35
20836,35
9969,35
15600,35
6429,35
13773,35
8225,35
74,35
16325,35
6874,35
4436,35
9699,35
17090,35
235,35
51,35
6428,35
16448,30
200,30
10522,30
148,30
304,30
16991,30
273,30
11845,30
250,30
92,30
9119,30
9138,30
32,30
3209,30
19527,30
21397,30
109,30
91,30
81,30
9743,30
15671,30
6719,30
8232,30
9136,30
21377,30
179,30
254,30
16637,30
4664,30
361,30
18433,30
19396,30
16180,30
18086,30
3302,30
14093,30
117,30
18372,30
4629,30
9969,30
262,30
3437,30
27877,30
13676,30
20671,30
24436,30
151,30
137,30
9120,30
18084,30
19223,30
15523,30
269,30
286,30
536,30
15784,30
20253,30
9121,30
29192,30
20321,30
51,30
16807,30
268,30
9051,30
80,48
289,48
139,48
124,2
279,2
104,2
25311,2
127,2
193,2
352,2
8136,2
119,2
63,2
15480,2
335,2
18547,2
277,2
241,2
8232,2
219,2
220,2
221,2
86,2
19790,2
222,2
223,2
165,2
259,2
170,2
297,2
353,2
18929,2
97,2
6,2
283,2
343,2
112,2
294,2
20273,2
21876,2
47,2
138,2
336,2
21877,2
8362,2
347,2
22767,2
187,2
15973,2
191,2
1984,2
288,2
16086,2
15492,2
244,2
5976,2
2032,2
17214,2
29271,2
19088,2
172,2
272,2
2759,2
17659,2
16,2
16977,2
16392,2
19154,2
29333,2
13604,2
581,2
342,2
19188,2
16542,2
7997,2
6528,2
15686,2
278,2
189,2
20545,2
12102,2
19223,2
4132,2
18662,2
129,2
2182,2
227,2
8343,2
12129,2
17804,2
20414,2
18409,2
17232,2
18427,2
18448,2
20363,2
19447,2
8231,2
6638,2
16422,2
5981,2
171,2
280,2
284,2
19,2
29309,2
29326,2
8245,2
17404,2
15743,2
15274,2
267,2
19197,2
12148,2
6068,2
17559,2
15690,2
880,2
15701,2
12109,2
19863,2
23443,2
13720,2
19385,2
13207,2
17798,2
183,2
19075,2
15741,2
2698,2
17830,2
22869,2
17234,2
18347,2
9051,2
194,2
15093,2
9140,2
5964,2
4772,2
6496,2
6753,2
19069,2
1807,2
18010,2
1873,2
263,2
236,2
2841,2
19389,2
15202,2
3762,2
22035,2
6874,2
17305,2
16715,2
29252,2
8335,2
15737,2
29229,2
10658,2
6081,2
8884,2
19327,2
17359,2
6188,2
22703,2
6450,2
21068,2
21035,2
90,53
302,53
257,53
323,53
102,36
40,36
99,36
100,36
101,36
263,66
211,66
83,47
8335,47
127,47
6450,47
9140,47
1984,47
168,47
12102,47
12129,47
283,47
19197,47
227,47
12148,47
98,47
205,47
23443,47
86,47
18547,47
18010,47
19790,47
129,47
190,37
283,37
9512,37
15867,37
9140,37
6450,37
23443,37
100,37
91,37
104,37
11501,37
17830,37
207,37
12102,37
17116,37
101,37
201,37
290,37
333,37
99,37
7897,37
18962,37
16699,37
127,37
102,37
130,37
118,37
5184,37
311,37
226,37
12129,37
87,37
206,37
66,37
1984,37
6364,37
1612,37
77,37
129,37
256,37
285,37
12148,37
19790,37
6569,37
18010,37
334,37
312,37
40,37
